{
  "a": {
    "1": "La unua litero, de la Esperanta alfabeto: cetere unu el la kvin vokaloj; kaj uzata i.a. kiel.",
    "1.1": "(maj.) nomo de la sesa tono de la C-maĵora gamo (440 Hz; absolut-solfeĝa la), konvencie uzata kiel bazo por agordi instrumenton kaj por kunagordi la instrumentojn de orkestro.",
    "1.2": "(maj.) simbolo de argono ĝis 1957.",
    "1.3": "(maj.) simbolo de ampero.",
    "1.4": "(maj.) kodo de normigitaj formatoj de folioj.",
    "1.5": "(min.) simbolo de aro."
  },
  "ABC": {
    "1": "Latina alfabeto.",
    "2": "Alfabetumo.",
    "3": "Elementa instruo pri iu scio."
  },
  "aboco": {
    "1": "Latina alfabeto.",
    "2": "Alfabetumo.",
    "3": "Elementa instruo pri iu scio."
  },
  "a volvita": {
    "1": "po-signo, heliko."
  }
}