{
  "abelo": {
    "1": "Genro el la familio abeledoj (), el kiu unu specio () estas bredata pro la mielo."
  },
  "abelaro": {
    "1": "Aro da abeloj devenantaj de abelreĝino kaj loĝantaj kune."
  },
  "abelujo": {
    "1": "Dometo konstruita de abeloj, aŭ korbo aŭ kesteto konstruita de homo por loĝigi abelojn."
  },
  "abelejo": {
    "1": "Loko, kie abelbredisto aranĝis abelujojn."
  },
  "abelisto": {
    "1": "Homo kiu prizorgas abelujojn kaj forprenas mielon kaj vakson."
  },
  "abelino": {
    "1": "Inseksa individuo el la genro abeloj."
  },
  "abelreĝino": {
    "1": "En abela familio, la sola abelino kun plene evoluintaj seksaj organoj."
  },
  "virabelo": {
    "1": "Virseksa individuo el la genro abeloj, kiu ne laboras kaj kies nura funkcio estas fekundigi la reĝinon."
  },
  "laborabelo": {
    "1": "En abela familio, abelino sen la reprodukta funkcio, kiu senĉese laboras."
  }
}