{
  "aboni": {
    "1": "Ricevadi, laŭ kontrakto, gazeton aŭ servon.",
    "2": "Ekaboni.",
    "3": "Aniĝi al aŭ membri en komputilreta forumo aŭ dissendolisto."
  },
  "abono": {
    "1": "Tiucela kontrakto.",
    "2": "Daŭro de tiu kontrakto."
  },
  "abonigi": {
    "1": "Igi iun aboni ."
  },
  "abonilo": {
    "1": "Formularo por aboni ."
  },
  "ekaboni": {
    "1": "Kontrakti por ricevi, dum difinita tempo, gazeton aŭ servon."
  },
  "malaboni": {
    "1": "Ĉesigi sian abonon."
  }
}