{
  "absoluta": {
    "1": "Senkondiĉa, sendependa, malrelativa, senrezerva, senescepta, senmanka, nepra.",
    "1.1": "Tute sendependa de ĉiu ajn povo aŭ kontrolo; kies potenco estas senlima kaj ĉiopova.",
    "1.2": "Plena, rekta, senpera, malrelativa, konsiderata sendepende de lokaj apartaĵoj, sen komparo kun aliaj objektoj, kiu ne dependas de arbitra mezursistemo.",
    "1.3": "Gramatike sendependa de la entenanta frazo aŭ malhavanta kutiman komplementon.",
    "2": "Senmiksa, ĥemie pura."
  },
  "absolutismo": {
    "1": "Sistemo de regado per absoluta potenco."
  },
  "klera absolutismo": {
    "1": "En la soci-politika filozofio klerisma, ideala monarkio en kiu la absoluta monarko realigas la progresemajn principojn de Klerismo."
  }
}