{
  "abstrakta": {
    "1": "Ĝenerala, neindividua, bazita sur teoriaj konceptoj kaj ne sur reala konkretaĵo (persono, aĵo, situacio).",
    "2": "Malkonkreta, malproksima de la realaj bezonoj, nepraktika.",
    "3": "Nomanta econ, karakteron, estadmanieron senrilate al specifa objekto.",
    "4": "Celanta ne la pli-malpli realisman prezenton de la objektoj, homoj kaj scenoj, sed ludan kombinon de formoj, koloroj ks."
  },
  "abstraktaĵo": {
    "1": "Io abstrakta."
  },
  "abstrakto": {
    "1": "Io abstrakta."
  },
  "abstrakteco": {
    "1": "La eco esti abstrakta."
  },
  "abstraktigi": {
    "1": "Ĝeneraligi, malkonkretigi, senpersonigi, meti sur pli abstraktan nivelon."
  },
  "abstrakti": {
    "1": "Esti abstrakta.",
    "2": "Manipuli abstraktaĵojn.",
    "3": "Krei abstraktaĵon.",
    "3.1": "Abstraktigi, ekstrakti koncepton, izolante ĝin el la tuto, al kiu ĝi apartenas.",
    "3.2": "Abstrahi."
  },
  "abstraktismo": {
    "1": "Nefigura tendenco en pentroarto kaj skulptado, aperinta en Eŭropo ĉ. 1910."
  }
}