{
  "abunda": {
    "1": "Estanta en pli ol sufiĉa kvanto.",
    "2": "Entenanta pli ol sufiĉan kvanton."
  },
  "abundi": {
    "1": "Esti abunda."
  },
  "abundo": {
    "1": "Pli ol sufiĉa kvanto, malmanko."
  },
  "abundeco": {
    "1": "Stato karakterizata de abundo."
  },
  "malabunda": {
    "1": "En tre malgranda kvanto."
  },
  "malabundi": {
    "1": "Esti malabunda, malmulta, maldensa."
  },
  "malabundo": {
    "1": "Malmulteco, maldenso."
  },
  "superabundi": {
    "1": "Esti en tia kvanto, kian oni ne povas utile uzi."
  },
  "troabundi": {
    "1": "Esti en tia kvanto, kian oni ne povas utile uzi."
  },
  "superabundo,": {
    "1": "Malagrabla, embarasa abundo."
  },
  "troabundo": {
    "1": "Malagrabla, embarasa abundo."
  },
  "troabundeco": {
    "1": "Malagrabla, embarasa abundo."
  }
}