{
  "acida": {
    "1": "Havanta akran guston, kiel tiu de vinagro aŭ citrono.",
    "2": "Malagrable pika."
  },
  "acido": {
    "1": "Kombinaĵo de hidrogeno kun acida restaĵo (, , kaj aliaj), kiu reagas kun metaloj kaj bazoj, formante salojn, kaj ruĝigas lakmuson."
  },
  "aminacido": {
    "1": "Eta molekulo konsistanta el acido () kaj amino ( aŭ ), baza elemento de proteino."
  },
  "amina acido": {
    "1": "Eta molekulo konsistanta el acido () kaj amino ( aŭ ), baza elemento de proteino."
  },
  "desoksiribonuklea acido": {
    "1": "Nukleacido enhavanta la plenajn genajn informojn de ĉelo."
  },
  "karbonacido": {
    "1": "() Acido, reaga produkto de karbondioksido kun akvo."
  },
  "nukleacido,": {
    "1": "Granda molekulo el serio de nukleotidoj, trovebla en la ĉeloj de ĉiuj vivuloj."
  },
  "nuklea acido": {
    "1": "Granda molekulo el serio de nukleotidoj, trovebla en la ĉeloj de ĉiuj vivuloj."
  },
  "kernacido": {
    "1": "Granda molekulo el serio de nukleotidoj, trovebla en la ĉeloj de ĉiuj vivuloj."
  },
  "ribonuklea acido": {
    "1": "Nukleacido povanta interalie kopii kaj transporti partan informon de DNA-serio."
  }
}