{
  "aĉeti": {
    "1": "Akiri per mono."
  },
  "aĉeto": {
    "1": "Ago aĉeti, rezulto de la ago."
  },
  "aĉetaĵo": {
    "1": "Tio, kion oni ekhavas kontraŭ mono."
  },
  "aĉetanto": {
    "1": "Akiranto de vendata komercaĵo aŭ servo."
  },
  "aĉetebla": {
    "1": "Povanta esti aĉetata."
  },
  "aĉetisto": {
    "1": "Oficisto, kiu negocas kaj akiradas krudajn materialojn, ilojn aŭ aliajn necesaĵojn por sia kompanio."
  },
  "elaĉeti": {
    "1": "Pagi por liberigi iun el kaptiteco fizika aŭ morala."
  },
  "foraĉeti": {
    "1": "Malaperigi la varojn el la merkato aĉetante ĉiom."
  },
  "reaĉeti": {
    "1": "Reakiri ion per mono, kion oni pli frue vendis aŭ perdis."
  },
  "subaĉeti": {
    "1": "Maljuste akiri ies favoron per mono, donacoj aŭ promesoj por faciligi sukceson de afero."
  },
  "aĉetopovo": {
    "1": "Riĉo de homoj mezurata laŭ la aĉetoj, kiujn ili povas fari depende je la prezoj."
  },
  "aĉetpovo": {
    "1": "Riĉo de homoj mezurata laŭ la aĉetoj, kiujn ili povas fari depende je la prezoj."
  }
}