{
  "adapti": {
    "1": "Ŝanĝi, korekti la formon aŭ enhavon de io tiel, ke ĝi konformas al io alia.",
    "2": "Alkonformigi sintenon, konduton, procedon, organizon ktp tiel, ke ĝi akordas kun iu aŭ io."
  },
  "adapto": {
    "1": "Ago adapti; rezulto de tiu ago."
  },
  "adaptebla": {
    "1": "Tia, ke oni povas adapti ĝin, tie, ke oni antaŭzorgis la eblecon adapti."
  },
  "adaptiĝi": {
    "1": "Akordiĝi al io, konformiĝi al premo, al cirkonstanco."
  },
  "adaptilo": {
    "1": "Aranĝaĵo destinita por ebligi kunan laboron de diversaj aparatoj, cirkvitoj, organoj de maŝino aŭ komputilo ktp."
  }
}