{
  "adheri": {
    "1": "Algluiĝi al io per speciala forto, aperanta inter du surfacoj en kontakto."
  },
  "adhero": {
    "1": "La fakto, ke du objektoj aŭ surfacoj adheras; la eco de materio, malhelpanta la malproksimigon de du surfacoj en kontakto."
  },
  "adhera": {
    "1": "Tia, ke ĝi adheras.",
    "2.1": "Tia, ke ĉiu ĉirkaŭaĵo de enhavas punktojn en .",
    "2.2": "Tia, ke subvico de la konsiderata vico konverĝas al .",
    "2.3": "Tia, ke ĝi estas adhera al la bildo per de ĉiu ĉirkaŭaĵo de ."
  },
  "adheraĵo": {
    "1": "Okaza algluiĝo de du normale senkontaktaj surfacoj, ĉefe pro inflama fenomeno.",
    "2": "La subaro de ĉiuj punktoj adheraj rilate al ."
  }
}