{
  "adiaŭ": {
    "1": "Vorto, per kiu oni salutas iun, kiam oni foriras de li, ĉefe se por longa tempo aŭ definitive.",
    "2": "La vortoj kaj gestoj per kiu oni salutas antaŭ foriro."
  },
  "adiaŭa": {
    "1": "Rilata al foriro; signanta, enkondukanta foriron."
  },
  "adiaŭi": {
    "1": "Komplimenti, paroli aŭ signi adiaŭe al iu.",
    "2": "Forcedi, rezigni.",
    "3": "Indiki al komputilo finon de seanco kun dialoga programo; elsaluti."
  },
  "adiaŭo": {
    "1": "Paroloj aŭ gestoj, per kiuj oni signifas sian longtempan disiĝon de iu."
  },
  "adiaŭado": {
    "1": "Paroloj aŭ gestoj, per kiuj oni signifas sian longtempan disiĝon de iu."
  },
  "adiaŭdiri": {
    "1": "Diri adiaŭ."
  }
}