{
  "admoni": {
    "1": "Instigi, kuraĝigi per firma parolo al ago aŭ plenumo de devo.",
    "2": "Riproĉi pasintajn agojn postulante pli bonan konduton."
  },
  "admono": {
    "1": "Ago kaj vortoj de admonanto."
  },
  "deadmoni": {
    "1": "Admoni ne fari, admoni al la malo."
  },
  "deadmono": {
    "1": "Admono kontraŭ ia elekto, decido, agado."
  },
  "Readmono": {
    "1": "Kvina libro de la hebrea Leĝo, parto de la Biblio, kie Dio denove admonas la Izraelidojn al sia servo."
  }
}