{
  "adreso": {
    "1": "Precizaj indikoj por atingi iun, ion.",
    "1.1": "Surskribo sur leterkoverto aŭ pakaĵo, montranta la nomon de iu kaj la precizan lokon, kie li loĝas.",
    "1.2": "Nombro, kodo aŭ nomo, indikanta parton de komputila memoro, disponaĵon aŭ retnodon."
  },
  "adresi": {
    "1": "Skribi adreson sur letero, pakaĵo.",
    "2": "Sendi ion al ies adreso.",
    "3": "Direkti parolon k.a. al iu."
  },
  "adresanto": {
    "1": "Tiu, kiu adresas."
  },
  "adresato": {
    "1": "Tiu, kies nomon surhavas letero aŭ pakaĵo."
  },
  "adresaro": {
    "1": "Kolekto da adresoj en kajero, memorlibro aŭ komputila dosiero."
  },
  "retadreso": {
    "1": "Signoĉeno uzata en komputila reto por indiki komputilon kaj komputadan objekton (ekz-e dosieron per Interreta adreso) aŭ uzanton (per retpoŝta adreso)."
  }
}