{
  "adulti": {
    "1": "Rompi la geedzan fidelecon per seksa rilato kun alia persono."
  },
  "adulto": {
    "1": "Ago adulti."
  },
  "adulta": {
    "1": "Adultanta.",
    "2": "Rilata al adulto."
  },
  "adultado": {
    "1": "Ago ade adulti."
  },
  "adultaĵo": {
    "1": "Adulto."
  },
  "adultema": {
    "1": "Ema adulti."
  },
  "adultigi": {
    "1": "Igi adulti."
  },
  "adultulo": {
    "1": "Kulpulo je adulto."
  },
  "adultulino": {
    "1": "Kulpulo je adulto."
  },
  "sangadulto": {
    "1": "Incesto."
  }
}