{
  "aero": {
    "1": "Spirebla nesimpla gaso, kiu ĉirkaŭas la teron.",
    "2": "Libera spaco super la tero, ofte konsiderata kiel medio por flugado kaj aviado."
  },
  "aera": {
    "1": "Konsistanta el aero, malpeza kvazaŭ el aero.",
    "2": "Estanta en la aero.",
    "3": "Tra la aero, per aviadilo.",
    "4": "Rilata al aero.",
    "5": "Malfirma, senbaza."
  },
  "aerumi": {
    "1": "Lasi ion en ekstera aero aŭ enlasi eksteran aeron en iun lokon, por forigi de ĝi malagrablajn odorojn aŭ malsanigajn gasojn."
  },
  "Bonaero": {
    "1": "Ĉefurbo de Argentino."
  }
}