{
  "afekti": {
    "1": "Alpreni , ŝajnigi per nenaturaj, nesimplaj, troaj manieroj.",
    "2": "Afekti superecon, altan socian rangon, kapricemon k.a. por altiri al si atenton, respekton."
  },
  "afekto": {
    "1": "Sinteno de tiu, kiu afektas."
  },
  "afekta": {
    "1": "Afektanta.",
    "2": "Montranta ies afekton.",
    "3": "Afektita."
  },
  "afektaĵo": {
    "1": "Konkreta elemento de afekta konduto."
  },
  "afektema": {
    "1": "Ema afekti."
  },
  "afektulo": {
    "1": "Tiu, kiu kutime afektas."
  },
  "afektulino": {
    "1": "Tiu, kiu kutime afektas."
  },
  "senafekta": {
    "1": "Montranta nenian afekton."
  }
}