{
  "afekcii": {
    "1": "Forte tuŝi la sentojn, emocii.",
    "2": "Kaŭzi ŝanĝon en la animstato.",
    "3": "Malsanigi, ĝeni la funkciadon de la korpo aŭ de korpoparto."
  },
  "afekcia": {
    "1": "Tuŝanta la sentojn.",
    "2": "Rilata al la emocia aŭ senta flanko de la menso, kontraste al la racia."
  },
  "afekcio": {
    "1": "Emociego, pasia ekscitiĝo, sentoskuo.",
    "2": "Ŝanĝiĝo en la animstato de ekzistaĵo.",
    "3": "Malsaniĝo, ĝeno de la funkciado de la korpo aŭ de korpoparto."
  }
}