{
  "afero": {
    "1": "Okupo, laboro aŭ tasko kiun oni faras aŭ intencas fari.",
    "2": "Socia interago.",
    "2.1": "Io koncernanta publikajn interesojn.",
    "2.2": "Io koncernanta privatulojn aŭ publikajn personojn, aparte traktata de oficialaj instancoj aŭ gazetaro; precipe juĝafero.",
    "2.3": "Komerco, negoco.",
    "3": "Io estanta en la mondo, konkreta aŭ abstrakta objekto, cirkonstanco, fenomeno."
  },
  "afera": {
    "1": "Rilata al afero."
  },
  "afereca": {
    "1": "Havanta aŭ afektanta seriozecon aŭ alian econ, necesan por pritrakti gravajn aferojn."
  },
  "aferema": {
    "1": "Inklina okupiĝi pri siaj aferoj; tre okupita de ili, aŭ ŝajniganta sin tia."
  },
  "aferisto": {
    "1": "Profesiulo pri aferoj."
  },
  "amafero": {
    "1": "Ama kaj seksa interrilato."
  },
  "juĝafero": {
    "1": "Tio, kio estas diskutata antaŭ juristo."
  },
  "havi aferon kun": {
    "1": "Pro negoco, juĝafero aŭ alia socia neceso rilati kun."
  }
}