{
  "afikso": {
    "1": "Vortero almetebla al radiko por fari novan vorton."
  },
  "antaŭafikso": {
    "1": "Prefikso."
  },
  "ĉirkaŭafikso": {
    "1": "Duparta afikso ĉirkaŭanta la vortparton, kiun ĝi modifas."
  },
  "enafikso": {
    "1": "Afikso kiu enmetiĝas en la ĉefparton de modifata vorto."
  },
  "postafikso": {
    "1": "Sufikso."
  },
  "ŝajnafikso": {
    "1": "Vortoparto, kiu samformas kun ekzistanta aŭ supozebla afikso, sed ne funkcias kiel tia en la vorto."
  }
}