{
  "Afriko": {
    "1": "La mondoparto sude de Eŭropo.",
    "2": "La kontinento sude de Eŭropo (sen Madagaskaro)."
  },
  "afrikano": {
    "1": "Loĝanto de Afriko."
  },
  "Centr-Afriko": {
    "1": "Lando en la centra Afriko kun ĉefurbo Bango; teritorio de Respubliko Centr-Afriko, limanta kun Ĉado, Kameruno, Kongo Brazavila, Kongo Kinŝasa kaj Sudano."
  },
  "Okcident-Afriko": {
    "1": "Okcidenta parto de Afriko, limigita de Atlantiko kaj la landoj Maŭritanio, Malio, Niĝero, Niĝerio (inkluzive)."
  },
  "Sud-Afriko": {
    "1": "Lando ĉe la suda ekstremo de Afriko kun ĉefurbo Pretorio. Teritorio de Federacia Respubliko Sud-Afriko. Ĝi limas kun Bocvano, Lesoto, Mozambiko, Namibio, Svazilando kaj Zimbabvo."
  }
}