{
  "agi": {
    "1": "Eksterigi siajn kapablojn, produkti ian efikon, uzante sian forton aŭ kapablon.",
    "2": "Konduti iel kontraŭ iu, trakti iun.",
    "3": "Efiki."
  },
  "ago": {
    "1": "Ekstera montro de ies forto aŭ kapablo.",
    "2": "Ĝenerala kaŭzado de efiko."
  },
  "agema": {
    "1": "Kapabla kaj ema agi."
  },
  "interagi": {
    "1": "Reciproke influi, aktive interrilati."
  },
  "interago": {
    "1": "Kuna aŭ reciproka influo de pluraj agoj, fenomenoj, faktoroj.",
    "2": "Dialogo de uzanto kun ruliĝanta programo."
  },
  "kontraŭagi": {
    "1": "Agi malhelpe, bare, kontraŭinflue."
  },
  "kontraŭago": {
    "1": "Bara, malhelpa, repuŝa ago."
  },
  "kunagi": {
    "1": "Agi grupe, por komuna celo aŭ efiko."
  },
  "kunago": {
    "1": "Ago komuna kun tiu de aliaj agantoj, aliaj faktoroj, aliaj personoj."
  },
  "misagi": {
    "1": "Malbone, malĝuste agi."
  },
  "malbonagi": {
    "1": "Malbone, malĝuste agi."
  },
  "reagi": {
    "1": "Agi returne, responde al iu antaŭa ago."
  },
  "reago": {
    "1": "Returna efiko de io, sur kion io alia agis.",
    "2": "reakcio."
  },
  "senagado": {
    "1": "Nenifaro."
  },
  "senageco": {
    "1": "Nenifaro."
  },
  "transago": {
    "1": "Transakcio.",
    "2": "Transakcio."
  }
}