{
  "agiti": {
    "1": "Vigle skuetadi, moveti rapide kaj ripete.",
    "2": "Malkvietigi, maltrankviligi.",
    "2.1": "Naski en animo sinsekvajn sentojn; skui.",
    "2.2": "Ĉiuflanke pripensi, ekzameni kaj diskuti ideon.",
    "2.3": "Malkvietigi, inciti homamasojn por politika celo."
  },
  "agitado": {
    "1": "Malkvietigo, skuego, perturbego."
  },
  "agitiĝi": {
    "1": "Malkvietiĝi."
  },
  "agitiĝo": {
    "1": "Ekmoviĝado, malkvietiĝo."
  },
  "agitisto": {
    "1": "Homo, kiu agitas, provas kaŭzi politikan malkvieton."
  }
}