{
  "aglo": {
    "1": "Genro el familio akcipitredoj (), kaj similaj rabobirdoj kun kurba beko."
  },
  "Aglo": {
    "1": "Ekvatora stelfiguro ()."
  },
  "agleca": {
    "1": "Simila al aglo."
  },
  "fiŝaglo": {
    "1": "Granda rabobirdo kaptanta fiŝojn, genro el familio agledoj ()."
  },
  "maraglo": {
    "1": "Genro () de mar- aŭ lag-bordaj aŭ riveraj rabobirdoj el la familio de akcipitredoj, grandaj kun duone plumkovritaj tarsoj."
  },
  "blankkola maraglo": {
    "1": "Specio de maraglo ( aŭ )."
  },
  "blankvosta maraglo": {
    "1": "Specio de maraglo ( aŭ )."
  },
  "reĝa aglo": {
    "1": "Specio de aglo ( aŭ )."
  },
  "ora aglo": {
    "1": "reĝa aglo."
  },
  "imperia aglo": {
    "1": "Specio de aglo ()."
  },
  "rabaglo": {
    "1": "Specio de aglo ()."
  },
  "stepaglo": {
    "1": "Specio de aglo ()."
  },
  "granda kriaglo": {
    "1": "Specio de aglo ()."
  },
  "malgranda kriaglo": {
    "1": "Specio de aglo ()."
  },
  "eta kriaglo": {
    "1": "malgranda kriaglo."
  },
  "nizaglo": {
    "1": "Specio de aglo ( aŭ )."
  },
  "botaglo": {
    "1": "Specio de aglo ( aŭ )."
  },
  "serpentaglo": {
    "1": "Specio de aglo ( aŭ )."
  }
}