{
  "agordi": {
    "1": "Fiksi ĝustan harmonian rilaton inter la diversaj sonoj produktataj de unu aŭ pluraj muzikiloj.",
    "2": "Inklinigi iun al ia agmaniero, emigi iun al io, taŭge humorigi iun por.",
    "3": "Alĝustigi aparaton aŭ komputilan programon por atingi deziratan funkcimanieron."
  },
  "agordo": {
    "1": "La ago agordi, agordado.",
    "2": "Rezulto de la ago agordi, agordaĵo.",
    "2.1": "Ĝusta rilato inter la diversaj sonoj de unu aŭ pluraj instrumentoj.",
    "2.2": "Emo, humoro.",
    "2.3": "Nepura rimo, en kiu la akcentaj vokaloj ne rigore samas, sed nur similas.",
    "2.4": "Aro da valoroj de reguleblaj parametroj de aparato aŭ programo, fiksitaj dum unu aŭ pluraj agordadoj.",
    "3": "Akordo."
  },
  "agordilo": {
    "1": "Ilo (tonforko, agorda forko, aŭ agorda tubo) por aŭdigi senŝanĝan tonon, laŭ kiu oni agordas muzikilojn.",
    "2": "Parto de instrumento, kiu permesas agordi ties sonojn.",
    "3": "Ilo por agordi aparaton aŭ programon."
  },
  "agordisto": {
    "1": "Homo profesie agordanta muzikilojn."
  },
  "animagordo": {
    "1": "Ĝenerala, komuna humoro; emocia flanko de karaktero."
  },
  "misagorda": {
    "1": "Neagordita, mise agordita aŭ perdinta agordon."
  },
  "malagordita": {
    "1": "Neagordita, mise agordita aŭ perdinta agordon."
  }
}