{
  "agrafo": {
    "1": "Ileto por provizore kunfiksi (agrafi) diversajn objektojn, tiel ke eblu facile kaj sendifekte malfiksi ilin (malagrafi).",
    "1.1": "Metalhoketo, kiu eniĝas en ringeton (agrafingo) por fiksi la randojn de vestaĵo aŭ tuko.",
    "1.2": "Fiksilo por fermteni la kovrilpaĝojn de libro, la ekstremojn de koliero aŭ braceleto.",
    "1.3": "Premfiksilo por kunteni plurajn paperfoliojn, la randojn de vundo ktp."
  },
  "agrafi": {
    "1": "Kunigi, fermi per agrafo."
  },
  "malagrafi": {
    "1": "Malfermi agrafon kaj disigi, malfiksi objektojn antaŭe agrafitajn."
  }
}