{
  "aĝo": {
    "1": "Kiomo de la tempo pasinta depost la naskiĝo aŭ estiĝo."
  },
  "aĝi": {
    "1": "Esti atinginta la aĝon de."
  },
  "aĝa": {
    "1": "Havanta ian aĝon."
  },
  "floraĝo": {
    "1": "Aĝo de florado, de prospera juneco."
  },
  "grandaĝa": {
    "1": "Jam tre maljuna."
  },
  "grandaĝulo": {
    "1": "Ulo tre maljuna."
  },
  "infanaĝo": {
    "1": "Unua vivotempo inter nasko kaj junaĝo."
  },
  "junaĝo": {
    "1": "Vivotempo, dum kiu oni estas juna."
  },
  "mezaĝa": {
    "1": "Proksimume en la mezo de normale longa vivo, nek tre juna, nek tre maljuna."
  },
  "mezaĝulo": {
    "1": "Ulo de meza aĝo, nek tre juna, nek tre maljuna."
  },
  "mondaĝo": {
    "1": "La tempodaŭro(j) de la kreiĝo ĝis la fino de la mondo aŭ ĝis la morto de Kristo."
  },
  "mondaĝoj": {
    "1": "La tempodaŭro(j) de la kreiĝo ĝis la fino de la mondo aŭ ĝis la morto de Kristo."
  },
  "neplenaĝa": {
    "1": "Ankoraŭ ne atinginta la aĝon de plenaj sociaj rajtoj."
  },
  "plejaĝulo": {
    "1": "Pliaĝulo."
  },
  "plenaĝa": {
    "1": "Havanta la aĝon, kiu donas ĉiujn civitanajn rajtojn."
  },
  "pliaĝiĝi": {
    "1": "Iĝi pli aĝa, maljuniĝi."
  },
  "pliaĝulo": {
    "1": "Iu el la pli aĝaj, respektataj homoj en grupo aŭ socio."
  },
  "profundaĝa": {
    "1": "Grandaĝa."
  },
  "profundaĝulo": {
    "1": "Grandaĝulo."
  },
  "samaĝulo": {
    "1": "Ulo de proksimume sama aĝo kiel iu alia, same juna aŭ maljuna."
  },
  "tempaĝo": {
    "1": "Mondaĝo."
  }
}