{
  "ajgeno": {
    "1": "Skalaro, kiu estas ajgena rilate al la endomorfio."
  },
  "ajgena": {
    "1": "Tia, ke ĵetas iun nenulan vektoron al ; alidire: tia, ke la kerno de ne egalas al .",
    "2": "Egala al la kerno de por iu ajgena skalaro .",
    "3": "Nenula kaj apartenanta al iu ajgena subspaco de ."
  },
  "ajgenvaloro": {
    "1": "ajgeno."
  },
  "ajgenvektoro": {
    "1": "Vektoro, ajgena rilate al ĝi."
  },
  "ajgensubspaco": {
    "1": "Subspaco, ajgena rilate al ĝi."
  },
  "ajgenspaco": {
    "1": "Subspaco, ajgena rilate al ĝi."
  }
}