{
  "akcepti": {
    "1": "Konsenti ricevi ion, kion iu donas aŭ proponas.",
    "2": "Lasi eniri iun hejmen.",
    "3": "Konsenti pri io, allasi ion.",
    "4": "Konscii, kompreni, rigardi opinion aŭ aserton kiel realan, veran, validan, prudentan.",
    "5": "Esti trafita de iu ago, kiu modifas la staton de la trafita objekto, povi ricevi econ, ekhavi ian econ.",
    "6": "Devontigi sin pagi."
  },
  "akcepto": {
    "1": "Ago de tio, kiu akceptas.",
    "2": "Sindevontigo pagi."
  },
  "akceptebla": {
    "1": "Tia, ke oni povas akcepti ĝin."
  },
  "akceptejo": {
    "1": "Loko en laborejo, institucio, servejo, al kiu vizitanto sin unue turnu por informoj kaj gvido."
  },
  "akceptema": {
    "1": "Inklina, preta akcepti ion aŭ iun."
  },
  "akceptisto": {
    "1": "Homo, kiu profesie akceptas gastojn, enirantojn, klientojn, objektojn kc, ekzemple en hotelo, kinejo, veturilo, flughaveno."
  },
  "malakcepti": {
    "1": "Ne konsenti ricevi, preni, uzi, profiti ion aŭ iun.",
    "2": "Rezisti kontraŭ transplantita organo aŭ histo, ne akcepti ĝin estkiel parton de sia korpo."
  }
}