{
  "akcenti": {
    "1": "Intensigi la voĉon sur unu silabo de vorto.",
    "2": "Klare kaj forte prononci ĉiujn silabojn de vorto por reliefigi ĝin.",
    "3": "Emfazi."
  },
  "akcenta": {
    "1": "Portanta la akcenton ."
  },
  "akcento": {
    "1": "Pliintensigo de voĉo sur difinita silabo de vorto.",
    "2": "Klara kaj forta prononco de la silaboj, por insisti pri ideo.",
    "3": "Akĉento."
  },
  "duonakcenta": {
    "1": "Kies akcento , kvankam postulata de la ĝenerala regulo, povas malaperi pro apudeco kun alia akcenta silabo aŭ pro manko de senca graveco."
  },
  "senakcenta": {
    "1": "Ne portanta la akcenton ."
  },
  "neakcenta": {
    "1": "Ne portanta la akcenton ."
  },
  "laŭtakcento": {
    "1": "Akcento realigata per plilaŭtigo de la akcentata silabo."
  },
  "tonakcento": {
    "1": "Akcento efikanta per variado de la tonalto de la akcentata silabo."
  },
  "ĉefakcento": {
    "1": "Silabo, difinita per sia pozicio en la ritma skeleto, kaj kiu nepre devas esti akcenta; alidire: akcenta silabo, ĉe kiu la ŝvebo ne rajtas efiki."
  },
  "akcentperdo": {
    "1": "Metrika licenco, pro kiu oni toleras, ke normale akcentata silabo perdu sian akcenton, kiam ĝi troviĝas en pozicio, kiun la ritma skeleto de la verso difinas senakcenta."
  },
  "ritma akcentado, ritma akcento": {
    "1": "Metrika licenco, pro kiu oni toleras, ke normale senakcenta silabo ricevu akcenton, kiam ĝi troviĝas en pozicio, kiun la ritma skeleto de la verso difinas akcenta."
  }
}