{
  "akordo": {
    "1": "Ĝusta konveneco inter pluraj aferoj.",
    "2": "Sameco de sentoj aŭ opinioj inter personoj.",
    "3": "Grupo de almenaŭ tri samtempaj tonoj, kutime produktanta agrablan sonon.",
    "4": "Oficiala interkonsento, ekz-e inter ŝtatoj.",
    "5": "Fenomeno, per kiu la formo de iuj vortoj konformiĝas al tiu de aliaj, kun kiuj ili estas en sintaksa rilato."
  },
  "akorda": {
    "1": "Rilata al akordo, estanta en akordo.",
    "1.1": "Estanta en stato de akordo.",
    "1.2": "Estanta en stato de akordo.",
    "1.3": "Rilata al akordo.",
    "2": "Paŝanta laŭ unu sama takto."
  },
  "akordi": {
    "1": "Esti en stato de akordo."
  },
  "akordigi": {
    "1": "Igi akorda."
  },
  "akordigebla": {
    "1": "Kiun eblas akordigi."
  },
  "akordiĝi": {
    "1": "Tia, ke ekestas akordo."
  },
  "interakordo": {
    "1": "Akordo.",
    "2": "akordo.",
    "3": "Akordo."
  },
  "malakordo": {
    "1": "Konflikto, kverelo."
  },
  "malakordi": {
    "1": "Konflikti."
  },
  "malakorda": {
    "1": "Konflikta."
  },
  "malakordigebla": {
    "1": "Neakordigebla."
  },
  "misakordo": {
    "1": "Nekompleta, malbona akordo."
  },
  "neakordigebla": {
    "1": "Kiun ne eblas akordigi."
  },
  "akorde kun": {
    "1": "Laŭ komuna sento, komuna intenco, komuna maniero, kongrue kun, konforme al."
  },
  "akorde al": {
    "1": "Laŭ komuna sento, komuna intenco, komuna maniero, kongrue kun, konforme al."
  },
  "malakorde kun": {
    "1": "Malharmonie, malkongrue kun, kontraste al."
  },
  "veni en akordon": {
    "1": "akordiĝi."
  }
}