{
  "akra": {
    "1": "Tranĉa aŭ pika.",
    "1.1": "Kies rando estas tranĉa aŭ pika.",
    "1.2": "Posedanta pintan, pikforman ekstremon; akuta.",
    "2": "Intensa kaj abrupta.",
    "2.1": "Impresanta forte kaj dolorete la sentumojn.",
    "2.2": "Severega, malmilda.",
    "3": "Sagaca, subtila, penetranta."
  },
  "akraĵo": {
    "1": "Tranĉrando.",
    "2": "Akuta rando; eĝo."
  },
  "akrigi": {
    "1": "Fari akra, pli tranĉa.",
    "2": "Fari akra, intensa."
  },
  "akrigilo": {
    "1": "Ŝtono aŭ ilo por akrigi klingojn."
  },
  "akrigisto": {
    "1": "Homo, kiu profesie akrigas klingojn, tranĉilojn...."
  },
  "akriĝi": {
    "1": "Iĝi akra, tranĉema, intensa."
  },
  "forakrigi": {
    "1": "Forigi akrigante."
  },
  "malakra": {
    "1": "Malhavanta akrecon sufiĉan por tranĉi aŭ piki."
  },
  "malakrigi": {
    "1": "Igi malakra, obtuzigi."
  },
  "malakriĝi": {
    "1": "Iĝi malakra, perdi sian akrecon."
  }
}