{
  "akso": {
    "1": "Stango, ĉirkaŭ kiu turniĝas peco de maŝino.",
    "2": "Imaga rekto, ĉirkaŭ kiu turniĝas korpo.",
    "3": "Rimarkinda rekto, interalie.",
    "3.1": "Simetriakso.",
    "3.2": "La rekto senŝanĝa per ĝi.",
    "3.3": "Rekto, enhavanta la originan punkton kaj direktata de unu el la bazvektoroj.",
    "3.4": "Duonrekto, servanta por difini la polusan angulon.",
    "4": "Meza linio, eĉ se ne rekta, de io, konsiderata laŭlonge.",
    "5": "Centra, plej grava organo en iu organizo.",
    "6": "Politika alianco, aŭ simpla interkonsento pri certa punkto."
  },
  "aksa": {
    "1": "Rilata al akso."
  },
  "aksingo": {
    "1": "Muntopeco entenanta aksan aperturon por alia muntopeco."
  },
  "rotacia akso": {
    "1": "akso ."
  },
  "simetriakso": {
    "1": "Rekto, kiu difinas aksan simetrion.",
    "2": "Rekto, rilate al kiu la figuro estas simetria."
  },
  "granda duonakso": {
    "1": "Ĉiu el la du strekoj de ĝia fokusa akso, kunligantaj la centron al la elipso; longo de tia streko."
  },
  "malgranda duonakso": {
    "1": "Ĉiu el la du strekoj de ĝia nefokusa akso, kunligantaj la centron al la elipso; longo de tia streko."
  },
  "koordinata akso": {
    "1": "akso ."
  },
  "koordinatakso": {
    "1": "akso ."
  },
  "polusa akso": {
    "1": "akso ."
  }
}