{
  "aktiva": {
    "1": "Agema.",
    "2": "Aganta, rilata al aganto, manifestiĝanta per sia ago.",
    "3": "Esprimanta agon, la fonton de ago, rilata al aganto."
  },
  "aktivi": {
    "1": "Havi konstantajn agadojn, celojn, efikojn."
  },
  "aktivo": {
    "1": "Posedataj aŭ ricevotaj sumoj.",
    "2": "Aktiva voĉo."
  },
  "aktivaĵo": {
    "1": "Okazaĵo, en kiu oni estas aktiva.",
    "2": "Unuopa elemento de aktivo."
  },
  "aktiveco": {
    "1": "Tio kion aganto faras."
  },
  "aktivigi": {
    "1": "Igi aktiva, aganta, funkcianta."
  },
  "aktiviĝi": {
    "1": "Iĝi aktiva, ekagi, ekfunkcii."
  },
  "aktivismo": {
    "1": "Planata, celkonscia agado en la socio."
  },
  "aktivulo": {
    "1": "Homo, kiu regule agas en societo, por iu celo...."
  },
  "aktivisto": {
    "1": "Homo, kiu regule agas en societo, por iu celo...."
  },
  "aktivularo": {
    "1": "Tuto de aktivuloj kune agantaj."
  },
  "malaktivi": {
    "1": "Ne agadi, ne aŭ ne plu plenumi taskojn."
  },
  "malaktiveco": {
    "1": "Neagado, senfareco, neplenumo de taskoj."
  },
  "senaktiveco": {
    "1": "Neagado, senfareco, neplenumo de taskoj."
  },
  "malaktivigi": {
    "1": "Igi ne aktiva, ne aganta, ne funkcianta."
  },
  "malaktiviĝi": {
    "1": "Ne plu agadi, ĉesigi sian funkciadon."
  },
  "senaktiviĝi": {
    "1": "Ne plu agadi, ĉesigi sian funkciadon."
  }
}