{
  "aktuala": {
    "1": "Grava kaj interesa en kaj por la kuranta, ĉi-momenta situacio aŭ epoko, prioritata en la tagordo de la historia momento.",
    "2": "Ĝisdata.",
    "3": "Nuna, kuranta .",
    "4": "Reala, efektiva, fakta ."
  },
  "aktualaĵo": {
    "1": "Afero interesoveka, aktuala."
  },
  "malaktuala": {
    "1": "Ne plu interesa, ne plu aktuala.",
    "2": "Ne ĝisdata."
  },
  "aktualigi": {
    "1": "Igi grava, interesoveka, laŭmoda, aktuala.",
    "2": "Ĝisdatigi."
  },
  "aktualiĝi": {
    "1": "Iĝi grava, interesoveka, aktuala."
  }
}