{
  "akumuli": {
    "1": "Kolekti, amasigi provizon da io."
  },
  "akumulaĵo": {
    "1": "Amaso de akumuliĝintaj aferoj."
  },
  "akumuliĝa": {
    "1": "Tia, ke ĉiu ĉirkaŭaĵo de enhavas punkton de , alian ol ."
  },
  "akumuliĝi": {
    "1": "Amasiĝi laŭtempe en ĉiam pli granda kvanto."
  },
  "akumulejo": {
    "1": "Aritmetika reĝistro en kiu la aritmetikilo ricevas unu el la argumentoj de plenumota operacio kaj en kiun ĝi liveras la rezulton. Ofte tiu rezulto estas argumento de la tujsekva operacio, kiu do havas unu el siaj argumentoj jam preta en la reĝistro; tiamaniere la definitiva rezulto iom post iom „akumuliĝas“ en tiu reĝistro, evitigante registradon kaj relegadon de interaj rezultoj."
  },
  "akumulilo": {
    "1": "Akumulatoro."
  }
}