{
  "akuŝi": {
    "1": "Elpuŝi idon el la utero.",
    "2": "Malfacile produkti verkon."
  },
  "akuŝo": {
    "1": "Ago, procezo akuŝi."
  },
  "akuŝejo": {
    "1": "Kuracejo aranĝita kaj ekipita por akuŝoj."
  },
  "akuŝigi": {
    "1": "Helpi la akuŝon."
  },
  "akuŝilo": {
    "1": "Forcepso."
  },
  "akuŝisto": {
    "1": "Homo, kies profesio estas zorgi la akuŝojn."
  },
  "akuŝigisto": {
    "1": "Homo, kies profesio estas zorgi la akuŝojn."
  },
  "akuŝistino": {
    "1": "Virino, kies profesio estas zorgi la akuŝojn."
  },
  "akuŝigistino": {
    "1": "Virino, kies profesio estas zorgi la akuŝojn."
  },
  "akuŝinto": {
    "1": "Ĵus akuŝinta patrino."
  },
  "akuŝintino": {
    "1": "Ĵus akuŝinta patrino."
  },
  "akuŝanto": {
    "1": "Akuŝanta persono."
  },
  "akuŝantino": {
    "1": "Akuŝanta persono."
  },
  "akuŝarto": {
    "1": "Arto, teĥniko de la akuŝistoj.",
    "2": "Metodo de la sokratismo por zorgi la akiron de konoj kiel la akuŝisto zorgas la akuŝojn."
  },
  "akuŝdoloro": {
    "1": "Doloro kaŭzita de spasmo de la ventro, kiu prepariĝas por la akuŝo."
  },
  "akuŝpeno": {
    "1": "Spasmoj de la ventro antaŭ la akuŝo."
  }
}