{
  "akvo": {
    "1": "Fluaĵo, el kiu konsistas la riveroj, lagoj kaj maroj.",
    "2": "Ia amaso de tia fluaĵo rigardata kiel tuto, ekz-e lago, rivero ks; akvujo.",
    "3": "Kombinaĵo de hidrogeno kaj oksigeno (), precipe la likva stato.",
    "4": "Ia klara fluaĵo similanta akvon."
  },
  "akva": {
    "1": "El akvo aŭ enhavanta akvon.",
    "2": "Funkcianta per akvo.",
    "3": "Vivanta en akvo.",
    "4": "Alie rilata al akvo."
  },
  "akvi": {
    "1": "Akvumi."
  },
  "akvejo": {
    "1": "Loko, kie kolektiĝas akvo."
  },
  "akvero": {
    "1": "Tre malgranda kvanto da akvo, ordinare en formo de guto."
  },
  "Akvisto": {
    "1": "Ekvatora stelfiguro kaj signo de la zodiako (."
  },
  "akvumi": {
    "1": "Malsekigi per surverŝo aŭ trafluigo de akvo."
  },
  "akvumilo": {
    "1": "Ilo por akvumi, ordinare konsistanta el akvujo, anso kaj verŝotubo."
  },
  "akvujo": {
    "1": "Ĉia ujo por ricevi kaj konservi akvon, ĉu portebla ĉu konstruita en iu loko.",
    "2": "Terkavo kie kolektiĝis natura akvo, t.e. lago, akvofosaĵo ks."
  },
  "elakviĝi": {
    "1": "Eliri, aperi el akvo."
  },
  "enakviĝi": {
    "1": "Eniĝi en akvon."
  },
  "subakvigi": {
    "1": "Kovri per akvo, meti sub la akvosurfacon."
  },
  "subakviĝi": {
    "1": "Profundiĝi sub akvosurfacon."
  },
  "subakviĝo": {
    "1": "Profundiĝo sub akvon por sportaj aŭ profesiaj celoj."
  },
  "subakviĝanto": {
    "1": "Persono, kiu subakviĝas por sportaj aŭ profesiaj celoj."
  },
  "subakvisto": {
    "1": "Homo trejnita por naĝi sub la akvosurfaco, kutime uzante spiraparaton aŭ -tubon kaj piednaĝilojn."
  },
  "superakvi": {
    "1": "Kovri per nenormala superfluo da akvo, inundi."
  },
  "superakvo": {
    "1": "Superfluo de akvo, kiu kovras la teron, inundo."
  },
  "superakvego": {
    "1": "Granda superakvo abunde kovranta tutan regionon, diluvo."
  },
  "surakvigi": {
    "1": "Meti sur akvan surfacon."
  },
  "surakviĝi": {
    "1": "Atingi la akvan surfacon."
  },
  "traakvigi": {
    "1": "Alkonduki akvon sur kulturatan terspacon, irigacii."
  },
  "falakvo": {
    "1": "Akvofalo."
  },
  "grundakvo": {
    "1": "Ĉia akvo troviĝanta sub la tero, en la grundo, rigardebla kiel disponebla natura rezervo."
  },
  "klorakvo": {
    "1": "Solvaĵo de natria hipoklorito en akvo, uzata kontraŭ mikroboj kaj por senkolorigo de ŝtofoj."
  },
  "Kolonja akvo": {
    "1": "Parfumo, kiun kreis la italo en 1709 en la germana urbo Kolonjo, kaj tie plu produktata de la firmao „4711“."
  },
  "marakvo": {
    "1": "Sala akvo el maro, kontraste al nesala akvo pluva, rivera...."
  },
  "mielakvo": {
    "1": "Trinkmielo, kutime fermentinta (vd mielvino)."
  },
  "mineralakvo": {
    "1": "Trinkakvo el aparta fonto, kun konstantaj kvantoj de diversaj mineraloj."
  },
  "pluvakvo": {
    "1": "Akvo falanta aŭ falinta en formo de pluvo."
  },
  "rozakvo": {
    "1": "Akvo el distilado de rozpetaloj, laŭ la speco aŭ uzata kiel bonodoraĵo aŭ uzata kiel gustigilo de dolĉaĵoj."
  },
  "rubakvo": {
    "1": "Akvo uzita, malpurigita, eventuale ankaŭ poluita de homoj."
  },
  "sanktakvujo": {
    "1": "En tradicia kristanismo, baseneto, de kiu oni fingroprenas akvon por krucosigni, memorige pri bapto."
  },
  "sodakvo": {
    "1": "Trinkaĵo el akvo entenanta karbondioksidajn veziketojn."
  },
  "trinkakvo": {
    "1": "Akvo tia, ke ĝi estas trinkebla sen danĝero por homa sano."
  },
  "tualetakvo": {
    "1": "Parfumaĵo el akvo, alkoholo kaj bonodoraj substancoj."
  },
  "akvoscienco": {
    "1": "Scienco pri akvo, pri ĝia konsisto kaj ĝia natura cirkulado tra tero, aero, maroj; hidrologio."
  },
  "akvosciencisto": {
    "1": "Fakulo pri akvoscienco; hidrologo."
  }
}