{
  "al": {
    "1.1": "Esprimi direkton per orientilo, nome tiun direkton en kiu situas la koncerna objekto.",
    "1.2": "La celo de movo, ago, sento, penso, volo.",
    "2": "Formi analizan dativon.",
    "3": "Indiki atributon, destinon, apartenecon.",
    "4": "Rilateco.",
    "5": "Adicio, kompletigo.",
    "6": "Gramatikan rilaton inter substantivo el verba deveno aŭ kun verba signifo kaj ties objekta komplemento.",
    "7": "Post adjektivo aŭ adverbo, pli malpli precizan rilaton pri metafora proksimeco aŭ malproksimeco."
  },
  "aligi": {
    "1": "Fari ion parto aŭ akompananto de io alia."
  },
  "aliĝi": {
    "1": "Iĝi parto, membro (aniĝi), akompananto aŭ partoprenanto de io."
  },
  "aliĝilo": {
    "1": "Formularo por aliĝi ."
  },
  "realiĝi": {
    "1": "Aliĝi denove, refoje."
  },
  "malaliĝi": {
    "1": "Ĉesigi, rezigni intencitan aŭ efektivan aliĝon."
  }
}