{
  "alarmi": {
    "1": "Anonci minacantan danĝeron aŭ voki al batalo aŭ helpo, per signalo aŭ krioj."
  },
  "alarmo": {
    "1": "Signalo por anonci minacantan danĝeron aŭ voki al batalo aŭ helpo."
  },
  "alarma": {
    "1": "Kiu alarmas, maltrankviliga."
  },
  "alarmilo": {
    "1": "Aparato uzata por sonigi alarmon, okaze de danĝero aŭ ŝtelo."
  },
  "alarmisto": {
    "1": "Pesimista homo, kiu maltrankviligas la publikon, konstante anoncante minacantajn, plej ofte fantaziajn, danĝerojn."
  }
}