{
  "alfabeto": {
    "1": "Listo da ĉiuj literoj de iu lingvo, aranĝita laŭ norma ordo."
  },
  "alfabeta": {
    "1": "Rilata al alfabeto."
  },
  "alfabetigi": {
    "1": "Fari ion alfabeta, igi alfabeta.",
    "1.1": "Aranĝi laŭ la ordo alfabeta.",
    "1.2": "Transformi skribon ideograman en skribon alfabetan (per kelkdeko da literoj).",
    "2": "Malanalfabetigi, legopovigi, instrui al iu legi (kaj, kutime, ankaŭ skribi)."
  },
  "alfabetigo": {
    "1": "Ago alfabetigi."
  },
  "alfabetumo": {
    "1": "Libro por lernigi alfabeton al infanoj."
  }
}