{
  "algoj": {
    "1": "Specioriĉa grupo de unu- aŭ plurĉelaj vivaĵoj, plej ofte vivantaj en akvo."
  },
  "blualgo": {
    "1": "Iu el cianobakterioj (iam misklasifikitaj kiel algoj)."
  },
  "blua algo": {
    "1": "Iu el cianobakterioj (iam misklasifikitaj kiel algoj)."
  },
  "brunalgoj": {
    "1": "Algoj precipe maraj, brunkoloraj pro klorofilo c kaj flava farbosubstanco, konsistigantaj apartan filumon ()."
  },
  "brunaj algoj": {
    "1": "Algoj precipe maraj, brunkoloraj pro klorofilo c kaj flava farbosubstanco, konsistigantaj apartan filumon ()."
  },
  "ruĝalgoj": {
    "1": "Algoj precipe maraj, ruĝkoloraj pro klorofilo a kaj aliaj farbosubstancoj, konsistigantaj apartan filumon ()."
  },
  "ruĝaj algoj": {
    "1": "Algoj precipe maraj, ruĝkoloraj pro klorofilo a kaj aliaj farbosubstancoj, konsistigantaj apartan filumon ()."
  },
  "verdalgoj": {
    "1": "Algoj el diversaj grupoj, verdkoloraj pro klorofilo a kaj b."
  },
  "verdaj algoj": {
    "1": "Algoj el diversaj grupoj, verdkoloraj pro klorofilo a kaj b."
  }
}