{
  "algebro": {
    "1": "Branĉo de matematiko, kiu etendas la aritmetikajn kalkulojn al grandoj signitaj per literoj, ne nur ciferoj, kaj tiamaniere ebligas solvadon de ekvacioj."
  },
  "algebra": {
    "1": "Iel rilatanta al algebro.",
    "2.1": "Estanta radiko de iu polinomo super .",
    "2.2": "Algebra super la korpo de racionaloj.",
    "2.3": "Kies ĉiuj elementoj estas algebraj super ."
  },
  "banaĥa algebro": {
    "1": "Normohava kompleta lineara algebro."
  },
  "bulea algebro": {
    "1": "Branĉo de algebro, kiu okupiĝas pri logika rezonado kaj trovas aplikon en komputiloj.",
    "2": "Tia algebra strukturo , kie estas involucio , ke (1) ambaŭ operacioj estas asociecaj kaj komutecaj; (2) ekzistas neŭtra elemento por ĉiu operacio ; (3) ĉiu operacio estas distribueca rilate al la alia; (4) , kaj , kiu ajn estas ; (5) kaj , kiuj ajn estas ."
  },
  "lineara algebro": {
    "1": "Branĉo de algebro, kiu okupiĝas pri la ecoj de moduloj, vektoraj spacoj kaj iliaj homomorfioj.",
    "2": "Tia algebra strukturo , ke estas ringo, estas vektora spaco super , kaj la tri koncernaj multiplikoj verigas, ke por ajnaj skalaroj , kaj vektoroj , ."
  },
  "okazalgebro": {
    "1": "La σ-algebro ."
  },
  "sigma-algebro": {
    "1": "Tia ne malplena aro el subaroj de , ke ĝi enhavas la komplementon de ĉiu sia elemento, kaj la kunaĵon de ĉiu sia numerebla subaro."
  },
  "σ-algebro": {
    "1": "Tia ne malplena aro el subaroj de , ke ĝi enhavas la komplementon de ĉiu sia elemento, kaj la kunaĵon de ĉiu sia numerebla subaro."
  },
  "borela sigma-algebro": {
    "1": "La σ-algebro naskita de la aro de malfermitaj subaroj."
  },
  "borela\n  σ-algebro": {
    "1": "La σ-algebro naskita de la aro de malfermitaj subaroj."
  }
}