{
  "alia": {
    "1": "Diferenca, malsama.",
    "2": "Dua el du personoj aŭ grupoj.",
    "3": "Aliulo."
  },
  "alie": {
    "1": "Alimaniere.",
    "2": "Kontraŭmeta konjunkcio signifanta ."
  },
  "alio": {
    "1": "Io alia."
  },
  "aliigi": {
    "1": "Fari ion alia, ŝanĝi, modifi, aliformi."
  },
  "aliiĝi": {
    "1": "Fariĝi alia."
  },
  "aliulo": {
    "1": "Alia homo; alia."
  },
  "interalie": {
    "1": "Inter aliaj aferoj."
  },
  "kunalie": {
    "1": "Sendistinge kun aliaĵoj."
  }
}