{
  "alkoholo": {
    "1": ", substanco ricevebla per distilado de vino, greno kaj diversaj fermentintaĵoj; etanolo.",
    "2": "Organika ĥemia kombinaĵo, kiu havas unu aŭ plurajn hidroksilajn grupojn (), ligitajn senpere al karbonatomoj."
  },
  "alkoholaĵo": {
    "1": "Trinkaĵo enhavanta pli aŭ malpli da alkoholo."
  },
  "alkoholigi": {
    "1": "Enmeti alkoholon en ion.",
    "2": "Drinkema."
  },
  "alkoholismo": {
    "1": "Malsana stato kaŭzita de troa uzado de alkoholaĵoj; alkoholdependeco."
  }
}