{
  "almozo": {
    "1": "Mondonaco, monhelpo al malriĉulo."
  },
  "almozi": {
    "1": "Peti almoze."
  },
  "almozelpeti": {
    "1": "Peti almoze."
  },
  "almozulo": {
    "1": "Petanto pri almozo."
  },
  "almozulejo": {
    "1": "Rifuĝejo por almozuloj."
  },
  "almozisto": {
    "1": "Homo, kiu vivtenas sin per almozoj."
  },
  "almozopetisto": {
    "1": "Homo, kiu vivtenas sin per almozoj."
  },
  "almozkesto": {
    "1": "Kesto en preĝejo kaj samspecaj lokoj, destinita ricevadi almozojn."
  },
  "almozsako": {
    "1": "Sako, en kiun almozulo metas la ricevitaĵojn."
  },
  "almozdonanto": {
    "1": "Donanto de almozo."
  },
  "almozdonema": {
    "1": "Volonte kaj malavare donanta almozojn."
  }
}