{
  "alpo": {
    "1": "Alta zono en montaro, herbokovrita en somero kaj tiam paŝtejo de ŝafoj aŭ aliaj brutoj; somerpaŝtejo.",
    "2": "Monto alta, sur kiu estas somerpaŝtejoj."
  },
  "Alpoj": {
    "1": "Eŭropa alta montaro kovranta Svislandon kaj parte najbarajn landojn Francujo, Germanujo, Aŭstrujo, Slovenujo, Italujo."
  },
  "Alpa Montaro": {
    "1": "Eŭropa alta montaro kovranta Svislandon kaj parte najbarajn landojn Francujo, Germanujo, Aŭstrujo, Slovenujo, Italujo."
  },
  "alpismo": {
    "1": "Sporta ."
  },
  "alpisto": {
    "1": "."
  },
  "Altaj Alpoj": {
    "1": "Franca departemento ĉe la itala landlimo, sudokcidente de Torino."
  },
  "Juliaj Alpoj": {
    "1": "Parto de la Alpoj ĉe la slovena-itala limo."
  },
  "Marbordaj Alpoj": {
    "1": "Departemento en la Sudokcidento de Francujo ĉe Mediteraneo."
  }
}