{
  "alta": {
    "1": "Granda laŭ la dimensio alto; havanta difinitan grandon laŭ tiu dimensio.",
    "2": "Troviĝanta je granda distanco super la tero.",
    "3": "Granda laŭ metafora senco; nobla, supera.",
    "4": "Enhavanta multajn vibrojn en difinita tempodaŭro, altfrekvenca, akuta."
  },
  "alto": {
    "1": "Vertikala dimensio de objekto.",
    "2": "Pozicio konsiderinde super la normala nivelo; alteco.",
    "3.1": "Ortanto al latero de ĝi, trairanta la kontraŭan verticon; alternative: la streko kunliganta tiun verticon kaj la sekcopunkton de la ortanto kun la latero; la longo de tiu streko.",
    "3.2": "Ĉiu streko orte kunliganta punktojn de du paralelaj lateroj; la longo de tia streko."
  },
  "altaĵo": {
    "1": "Loko konsiderinde levita super normala ternivelo, monteto."
  },
  "altaĵeto": {
    "1": "Malgranda altaĵo."
  },
  "alteco": {
    "1": "Eco de tio, kio estas alta; alto, mezuro de tiu eco.",
    "1.1": "Alto de estulo (homo, besto, vegetalo).",
    "1.2": "Nobla karaktero de io.",
    "2": "Alta loko; alto."
  },
  "altigi": {
    "1": "Levi, superigi."
  },
  "altiĝi": {
    "1": "Iĝi alta, supreniri, leviĝi."
  },
  "malalta": {
    "1": "Negranda de supro ĝis malsupro.",
    "2": "Je negranda distanco super la tero aŭ eĉ sub la normala nivelo.",
    "3": "Malgranda, malsupra laŭ valorskalo.",
    "4": "Kun malrapidaj vibroj, ne granda frekvenco, basa."
  },
  "malaltigi": {
    "1": "Mallevi, malsuperigi."
  },
  "malaltiĝi": {
    "1": "Iĝi malalta, suben iri, malleviĝi."
  }
}