{
  "Altajo": {
    "1": "Montaro, pli ol 2000 km longa, inter Centra Azio kaj Siberio, sur la teritorioj de la Ruslanda Federacio, Kazaĥujo kaj Mongolujo, formanta akvodisigan limon inter la basenoj de Obo, Irtiŝo, Jenisejo kaj la sendefluaj riveroj de Centra Azio."
  },
  "altaja lingvofamilio": {
    "1": "Hipoteze rekonstruata superfamilio konsistanta el la tjurka, mongola kaj tungusa-manĉura lingvofamilioj."
  },
  "altaja lingvaro": {
    "1": "Hipoteze rekonstruata superfamilio konsistanta el la tjurka, mongola kaj tungusa-manĉura lingvofamilioj."
  },
  "altaja lingvo": {
    "1": "Lingvo de la altaja lingvofamilio.",
    "2": "Ĉiu el la indiĝenaj lingvoj de Altajo.",
    "3": "La ĉefa indiĝena lingvo de Altaja Respubliko en Ruslando (ekse , el la tjurka lingvofamilio)."
  }
}