{
  "ami": {
    "1": "Havi profundan koran (kaj eventuale ankaŭ seksan) inklinon por iu.",
    "2": "Tre ŝati, pleje estimi.",
    "2.1": "Volonte uzi.",
    "2.2": "Volonte fari."
  },
  "amo": {
    "1": "Profunda korinklino kaj plej forta estimo al persono aŭ afero."
  },
  "amaĉi": {
    "1": "Amori."
  },
  "amaĵi": {
    "1": "Amori."
  },
  "amaĵo": {
    "1": "Amafero, amintrigo ."
  },
  "amaĵema": {
    "1": "Amintrigema, flirtema, aminduma."
  },
  "amaĵisto": {
    "1": "Amaĵdonanto, amoranto, amorato."
  },
  "amanto": {
    "1": "Tiu, kiu amike amas.",
    "2": "Tiu, kiu sekse amas.",
    "3": "Tiu, kiu ŝatas, amatoro."
  },
  "amantoj": {
    "1": "Individuoj kiuj reciproke amas unu la alian.",
    "2": "Pluraj individuoj, kiuj amas."
  },
  "amataĵo": {
    "1": "Preferata okupiĝo."
  },
  "amegi": {
    "1": "Pasie ami; adori."
  },
  "amema": {
    "1": "Renkontanta aliajn homojn kun amo."
  },
  "ameti": {
    "1": "Iom ami; ŝati."
  },
  "aminda": {
    "1": "Meritanta aŭ loganta amon, ĉarma, plaĉa."
  },
  "amindumi": {
    "1": "Peni por plaĉi al iu."
  },
  "amindumo": {
    "1": "Ago amindumi."
  },
  "ekami": {
    "1": "Eksenti amon."
  },
  "enamiĝi": {
    "1": "Eksenti fervoran amon por iu."
  },
  "ekmalami": {
    "1": "Komenci malami, eksenti malamon."
  },
  "geamantoj": {
    "1": "Vira(j) kaj ina(j) amantoj."
  },
  "malami": {
    "1": "Havi fortan malinklinon, malfavoran senton al...; hati."
  },
  "malamo": {
    "1": "Pasio, kiu inklinigas al malbondeziro aŭ malbonago kontraŭ iu.",
    "2": "Forta malinklino kontraŭ io."
  },
  "pliami": {
    "1": "preferi."
  },
  "gloramo": {
    "1": "Amo al gloro; ambicio."
  },
  "homamo": {
    "1": "Amo al niaj kunhomoj, al la tuta homaro; filantropio."
  },
  "memamo": {
    "1": "Amo al si; eventuale tro forta zorgo pri si kaj indiferento al aliaj homoj; memŝato, narcisismo."
  },
  "sinamo": {
    "1": "Amo al si; eventuale tro forta zorgo pri si kaj indiferento al aliaj homoj; memŝato, narcisismo."
  },
  "pluramemo": {
    "1": "La preteco havi plurajn amrilatojn samtempe kun absoluta malfermeco kaj reciproka respekto al ĉiuj partneroj."
  },
  "amovendisto": {
    "1": "amoristo."
  },
  "amovendistino": {
    "1": "amoristino."
  }
}