{
  "amaso": {
    "1": "Multnombra, ĝenerale senorda kolekto, multo da."
  },
  "amasa": {
    "1": "Mult-era, densa, ara."
  },
  "amasigi": {
    "1": "Kolekti por fari amason."
  },
  "amasiĝi": {
    "1": "Kuniĝi en amaso."
  },
  "amasiĝo": {
    "1": "Kuniĝo en amason."
  },
  "homamaso": {
    "1": "Granda, densa kuno da homoj."
  },
  "popolamaso": {
    "1": "Granda, densa kuno da homoj."
  },
  "ŝtonamaso": {
    "1": "Natura amaso da ŝtonoj; ruino ks.",
    "2": "Arta amaso de ŝtonoj, laŭ la lokoj markanta tombon, religian aŭ rimarkindan lokon, aŭ utilanta kiel vojindikilo; kairno."
  },
  "amasinformado": {
    "1": "Ĉia agado celanta sciigi al la vasta publiko diversajn informojn kaj tiel formi publikan opinion."
  },
  "amasinformilo": {
    "1": "Supernocio por gazeto, televido, radiofonio ."
  },
  "amaskomunikilo": {
    "1": "Amasinformilo."
  }
}