{
  "Ameriko": {
    "1": "La mondoparto inter Atlantiko kaj Pacifiko."
  },
  "amerika": {
    "1": "Rilatanta al Ameriko."
  },
  "amerikano": {
    "1": "Loĝanto de Ameriko."
  },
  "Centr-Ameriko": {
    "1": "La parto de Ameriko etendiĝanta de Gvatemalo ĝis Panamo."
  },
  "Centrameriko": {
    "1": "La parto de Ameriko etendiĝanta de Gvatemalo ĝis Panamo."
  },
  "Latinameriko": {
    "1": "Sud- kaj Mez-ameriko, ĉar ili estas precipe latinidlingvaj (hispan- kaj portugal-lingvaj)."
  },
  "Nord-Ameriko": {
    "1": "La norda kontinento de Ameriko (aŭ la parto etendiĝanta ĝis inkluzive de Meksiko)."
  },
  "Nordameriko": {
    "1": "La norda kontinento de Ameriko (aŭ la parto etendiĝanta ĝis inkluzive de Meksiko)."
  },
  "Sud-Ameriko": {
    "1": "La suda kontinento de Ameriko."
  },
  "Sudameriko": {
    "1": "La suda kontinento de Ameriko."
  }
}