{
  "amiko": {
    "1": "Iu amata kaj amanta, kiu estas korligita kun alia pro inklino sed ne nepre pro seksemo, nek pro familianeco.",
    "2": "Simpatianto, ŝatanto de io."
  },
  "amikino": {
    "1": "Inseksa amiko."
  },
  "amika": {
    "1": "Propra al la rilatoj inter amikoj."
  },
  "amiki": {
    "1": "Esti en amikaj rilatoj."
  },
  "amikaĵo": {
    "1": "Amika ago, montro de amikeco."
  },
  "amikeco": {
    "1": "Situacio de amikaj rilatoj kaj sentoj inter homoj."
  },
  "amikema": {
    "1": "Kiu facile interamikiĝas kun aliaj; kiu plenfide traktas aliajn kiel amikoj."
  },
  "amikiĝema": {
    "1": "Kiu facile interamikiĝas kun aliaj; kiu plenfide traktas aliajn kiel amikoj."
  },
  "amikiĝi": {
    "1": "Starigi amikan rilaton."
  },
  "amikumi": {
    "1": "Flegi amikecon; pasigi komunan tempon kun amikoj."
  },
  "geamikoj": {
    "1": "Amikoj de ambaŭ seksoj."
  },
  "malamiko": {
    "1": "Persono de kiu oni estas malamata aŭ kiun oni malamas.",
    "2": "Kontraŭulo, kontraŭbatalanto.",
    "3": "Malsimpatianto, malŝatanto de io."
  },
  "malamikino": {
    "1": "Inseksa malamiko."
  },
  "falsa amiko": {
    "1": "Vorto de unu lingvo, kiu similas al vorto alilingva forme, sed ne sence, tial kaŭzante konfuzojn."
  },
  "ŝajnamiko": {
    "1": "Falsa amiko."
  },
  "koramiko": {
    "1": "Kunulo kun kiu oni havas romantikan aŭ seksan rilaton."
  },
  "koramikino": {
    "1": "Inseksa koramiko."
  }
}