{
  "amoro": {
    "1": "Sekskuniĝo.",
    "2": "Figuro de nuda, flugilhava bubeto uzata orname en Eŭropa klasika arkitekturo kaj pentrarto."
  },
  "Amoro": {
    "1": "Dio de amo en antikvaj Grekujo, Romio kaj Hindujo prezentata per figuro de nuda, flugilhava knabo ark-pafanta al enamiĝontoj."
  },
  "amori": {
    "1": "Sekskuniĝi."
  },
  "amoranto": {
    "1": "Homo, kiu sekse amas."
  },
  "amorantino": {
    "1": "Homo, kiu sekse amas."
  },
  "amoremo": {
    "1": "Inklino al amoro."
  },
  "amoristo": {
    "1": "Homo, aŭ viro, kiu profesie sekse agas."
  },
  "amoristino": {
    "1": "Virino, kiu profesie sekse agas."
  }
}