{
  "amplekso": {
    "1": "Grado de grandeco, konsiderata rilate al tio, kion io enhavas; la spaco, kiun io okupas en ĉiuj koncernaj dimensioj.",
    "1.1": "Cirkonferenco de okupita spaco.",
    "1.2": "Volumeno.",
    "1.3": "Surfaco."
  },
  "ampleksa": {
    "1": "Iel rilata al amplekso.",
    "2": "Grandampleksa en ĉiuj siaj dimensioj."
  },
  "ampleksi": {
    "1": "Havi amplekson de; enhavi, enteni."
  },
  "grandampleksa": {
    "1": "Havanta grandan amplekson, vasta."
  },
  "multampleksa": {
    "1": "Havanta grandan amplekson, vasta."
  },
  "korpampleksa": {
    "1": "Vastkorpa, korpulenta."
  }
}